{
  "train": {
    "n_days": 443,
    "ic_mean": 0.09139163904928393,
    "ic_std": 0.6041807328870462,
    "rank_ic_mean": 0.09328309903565635,
    "rank_ic_std": 0.603729022082522,
    "overall_ic": 0.014946731748530005,
    "overall_rank_ic": 0.0649318599106515
  },
  "valid": {
    "n_days": 117,
    "ic_mean": 0.0485882729064786,
    "ic_std": 0.5263909035972332,
    "rank_ic_mean": 0.05641025641025642,
    "rank_ic_std": 0.5488836029151095,
    "overall_ic": 0.0005079592288592721,
    "overall_rank_ic": 0.005929891558814488
  },
  "test": {
    "n_days": 125,
    "ic_mean": 0.020241545261674234,
    "ic_std": 0.5961527795903335,
    "rank_ic_mean": 0.003200000000000004,
    "rank_ic_std": 0.5803135970901785,
    "overall_ic": -0.04999292540144875,
    "overall_rank_ic": 0.010911822777244137
  }
}