{
  "train": {
    "n_days": 357,
    "ic_mean": 0.06965783764183416,
    "ic_std": 0.3841565853565177,
    "rank_ic_mean": 0.08751563765408524,
    "rank_ic_std": 0.3855336199196503,
    "overall_ic": 0.048068906250822684,
    "overall_rank_ic": 0.08391242118620743
  },
  "valid": {
    "n_days": 124,
    "ic_mean": 0.06398851451228234,
    "ic_std": 0.3564234301232931,
    "rank_ic_mean": 0.08056722724824225,
    "rank_ic_std": 0.36414946268711107,
    "overall_ic": 0.024946846665376905,
    "overall_rank_ic": 0.040156193015852965
  },
  "test": {
    "n_days": 242,
    "ic_mean": 0.024210681827227146,
    "ic_std": 0.36557024690412904,
    "rank_ic_mean": 0.037406398769312364,
    "rank_ic_std": 0.3566941326499526,
    "overall_ic": -0.004845146937975959,
    "overall_rank_ic": 0.025082615631359273
  }
}