{
  "train": {
    "n_days": 319,
    "ic_mean": 0.29227661590724696,
    "ic_std": 0.5312481782350948,
    "rank_ic_mean": 0.27848034916449416,
    "rank_ic_std": 0.5295232761367983,
    "overall_ic": 0.2286695688120227,
    "overall_rank_ic": 0.20153078710892086
  },
  "valid": {
    "n_days": 124,
    "ic_mean": 0.18578474264132347,
    "ic_std": 0.5875053787563084,
    "rank_ic_mean": 0.19152163950040738,
    "rank_ic_std": 0.582339082338942,
    "overall_ic": 0.06448727291327598,
    "overall_rank_ic": 0.07925279924979858
  },
  "test": {
    "n_days": 242,
    "ic_mean": 0.05297883161185063,
    "ic_std": 0.599100157876357,
    "rank_ic_mean": 0.057851239669421475,
    "rank_ic_std": 0.5875262248746598,
    "overall_ic": 0.014669581613086877,
    "overall_rank_ic": 0.020796419051442926
  }
}