{
  "train": {
    "n_days": 359,
    "ic_mean": 0.054394044994232414,
    "ic_std": 0.05937680166790971,
    "rank_ic_mean": 0.07602476681626533,
    "rank_ic_std": 0.061677959893770354,
    "overall_ic": 0.044315284085156816,
    "overall_rank_ic": 0.0619680471031377
  },
  "valid": {
    "n_days": 124,
    "ic_mean": 0.04643184980450487,
    "ic_std": 0.05658819759706352,
    "rank_ic_mean": 0.06863073733410137,
    "rank_ic_std": 0.0437089127993382,
    "overall_ic": 0.03923988025934975,
    "overall_rank_ic": 0.05554058748047386
  },
  "test": {
    "n_days": 242,
    "ic_mean": 0.031675121950559035,
    "ic_std": 0.09045884094531657,
    "rank_ic_mean": 0.03345080135263765,
    "rank_ic_std": 0.09863402802989026,
    "overall_ic": -0.006582721983559042,
    "overall_rank_ic": -0.004095965824632665
  }
}