{
  "train": {
    "n_days": 319,
    "ic_mean": 0.10258055447436362,
    "ic_std": 0.4908138476651256,
    "rank_ic_mean": 0.12569110381237938,
    "rank_ic_std": 0.48360522407755413,
    "overall_ic": 0.048213830765167345,
    "overall_rank_ic": 0.07596570964940536
  },
  "valid": {
    "n_days": 124,
    "ic_mean": 0.09203489092924273,
    "ic_std": 0.5226919132921576,
    "rank_ic_mean": 0.0849288227621144,
    "rank_ic_std": 0.516230534645155,
    "overall_ic": 0.03137108005456374,
    "overall_rank_ic": 0.062174792277254184
  },
  "test": {
    "n_days": 242,
    "ic_mean": 0.044607790576663926,
    "ic_std": 0.4883533638491003,
    "rank_ic_mean": 0.044628099173553724,
    "rank_ic_std": 0.4896353818648783,
    "overall_ic": 0.002891205246221179,
    "overall_rank_ic": 0.024399292128618747
  }
}